{"cameraMode":{"drawMode":0,"name":"Shaded","section":"Shading Mode"},"sceneLighting":false,"audioPlay":false,"sceneViewState":{"showFog":false,"showMaterialUpdate":false,"showSkybox":false,"showFlares":false,"showImageEffects":false,"showParticleSystems":false},"in2DMode":false,"pivot":{"x":29.51742172241211,"y":-747.61572265625,"z":1602.6898193359375},"rotation":{"x":-0.23080401122570039,"y":0.23709136247634889,"z":-0.058097954839468,"w":-0.9418845176696777},"size":1948.87158203125,"orthographic":false}