{"cameraMode":{"drawMode":0,"name":"Shaded","section":"Shading Mode"},"sceneLighting":true,"audioPlay":false,"sceneViewState":{"showFog":true,"showMaterialUpdate":true,"showSkybox":true,"showFlares":true,"showImageEffects":true,"showParticleSystems":true},"in2DMode":false,"pivot":{"x":674.587646484375,"y":-18.38072967529297,"z":313.76055908203127},"rotation":{"x":0.2537136971950531,"y":-0.3761017620563507,"z":0.10786907374858856,"w":0.884615421295166},"size":186.67379760742188,"orthographic":false}