{"cameraMode":{"drawMode":0,"name":"Shaded","section":"Shading Mode"},"sceneLighting":true,"audioPlay":false,"sceneViewState":{"showFog":false,"showMaterialUpdate":false,"showSkybox":false,"showFlares":false,"showImageEffects":false,"showParticleSystems":false},"in2DMode":false,"pivot":{"x":765.0347900390625,"y":11.345481872558594,"z":324.5396728515625},"rotation":{"x":-0.23544356226921082,"y":-0.3628740608692169,"z":0.09529325366020203,"w":-0.8965567350387573},"size":107.77542114257813,"orthographic":false}