{"cameraMode":{"drawMode":0,"name":"Shaded","section":"Shading Mode"},"sceneLighting":false,"audioPlay":false,"sceneViewState":{"showFog":false,"showMaterialUpdate":false,"showSkybox":false,"showFlares":false,"showImageEffects":false,"showParticleSystems":false},"in2DMode":false,"pivot":{"x":487.77862548828127,"y":8.989456176757813,"z":612.5425415039063},"rotation":{"x":-0.26140064001083376,"y":-0.4395378530025482,"z":0.13539211452007295,"w":-0.8486141562461853},"size":17.618881225585939,"orthographic":false}