{"cameraMode":{"drawMode":0,"name":"Shaded","section":"Shading Mode"},"sceneLighting":false,"audioPlay":false,"sceneViewState":{"showFog":false,"showMaterialUpdate":false,"showSkybox":false,"showFlares":false,"showImageEffects":false,"showParticleSystems":false},"in2DMode":false,"pivot":{"x":531.6524658203125,"y":19.88011932373047,"z":558.5176391601563},"rotation":{"x":-0.17979681491851808,"y":-0.10396260768175125,"z":0.019112583249807359,"w":-0.9780088067054749},"size":6.408234119415283,"orthographic":false}