{"cameraMode":{"drawMode":0,"name":"Shaded","section":"Shading Mode"},"sceneLighting":false,"audioPlay":false,"sceneViewState":{"showFog":false,"showMaterialUpdate":false,"showSkybox":false,"showFlares":false,"showImageEffects":false,"showParticleSystems":false},"in2DMode":false,"pivot":{"x":513.74755859375,"y":12.815064430236817,"z":463.7796325683594},"rotation":{"x":-0.29780659079551699,"y":0.7008564472198486,"z":-0.48410269618034365,"w":-0.43103620409965517},"size":125.24884033203125,"orthographic":false}