{"cameraMode":{"drawMode":0,"name":"Shaded","section":"Shading Mode"},"sceneLighting":false,"audioPlay":false,"sceneViewState":{"showFog":false,"showMaterialUpdate":false,"showSkybox":false,"showFlares":false,"showImageEffects":false,"showParticleSystems":false},"in2DMode":false,"pivot":{"x":510.8087158203125,"y":18.857559204101564,"z":610.953857421875},"rotation":{"x":-0.1674937605857849,"y":-0.5178528428077698,"z":0.10429560393095017,"w":-0.8324264287948608},"size":1.9990899562835694,"orthographic":false}