{"cameraMode":{"drawMode":0,"name":"Shaded","section":"Shading Mode"},"sceneLighting":false,"audioPlay":false,"sceneViewState":{"showFog":false,"showMaterialUpdate":false,"showSkybox":false,"showFlares":false,"showImageEffects":false,"showParticleSystems":false},"in2DMode":false,"pivot":{"x":508.385009765625,"y":17.954927444458009,"z":611.19189453125},"rotation":{"x":0.12679629027843476,"y":0.8601117134094238,"z":-0.2593023180961609,"w":0.42058610916137698},"size":1.9357049465179444,"orthographic":false}