{"cameraMode":{"drawMode":0,"name":"Shaded","section":"Shading Mode"},"sceneLighting":false,"audioPlay":false,"sceneViewState":{"showFog":false,"showMaterialUpdate":false,"showSkybox":false,"showFlares":false,"showImageEffects":false,"showParticleSystems":false},"in2DMode":false,"pivot":{"x":518.5115356445313,"y":7.035984992980957,"z":540.7169189453125},"rotation":{"x":-0.14148208498954774,"y":0.7512659430503845,"z":-0.1710055023431778,"w":-0.621563196182251},"size":16.893646240234376,"orthographic":false}