{"cameraMode":{"drawMode":0,"name":"Shaded","section":"Shading Mode"},"sceneLighting":true,"audioPlay":false,"sceneViewState":{"showFog":false,"showMaterialUpdate":false,"showSkybox":false,"showFlares":false,"showImageEffects":false,"showParticleSystems":false},"in2DMode":false,"pivot":{"x":526.8831176757813,"y":32.214229583740237,"z":451.5541687011719},"rotation":{"x":0.31268826127052309,"y":-0.056962914764881137,"z":0.018774330615997316,"w":0.9479761123657227},"size":304.3828430175781,"orthographic":false}