{"cameraMode":{"drawMode":0,"name":"Shaded","section":"Shading Mode"},"sceneLighting":true,"audioPlay":false,"sceneViewState":{"showFog":false,"showMaterialUpdate":false,"showSkybox":false,"showFlares":false,"showImageEffects":false,"showParticleSystems":false},"in2DMode":false,"pivot":{"x":694.31396484375,"y":22.617868423461915,"z":275.42083740234377},"rotation":{"x":0.12009382992982865,"y":-0.7220110297203064,"z":0.12958915531635285,"w":0.6689649224281311},"size":156.66358947753907,"orthographic":false}