{"cameraMode":{"drawMode":0,"name":"Shaded","section":"Shading Mode"},"sceneLighting":false,"audioPlay":false,"sceneViewState":{"showFog":true,"showMaterialUpdate":true,"showSkybox":true,"showFlares":true,"showImageEffects":true,"showParticleSystems":true},"in2DMode":false,"pivot":{"x":610.731201171875,"y":47.086490631103519,"z":395.2046203613281},"rotation":{"x":0.1742839515209198,"y":-0.2674289345741272,"z":0.04924403876066208,"w":0.9464151263237},"size":-12.395713806152344,"orthographic":false}