{"cameraMode":{"drawMode":0,"name":"Shaded","section":"Shading Mode"},"sceneLighting":false,"audioPlay":false,"sceneViewState":{"showFog":false,"showMaterialUpdate":false,"showSkybox":false,"showFlares":false,"showImageEffects":false,"showParticleSystems":false},"in2DMode":false,"pivot":{"x":615.4019775390625,"y":16.94881820678711,"z":474.76336669921877},"rotation":{"x":-0.2058272808790207,"y":0.23401066660881043,"z":-0.05075344443321228,"w":-0.9488543272018433},"size":145.54620361328126,"orthographic":false}