{"cameraMode":{"drawMode":0,"name":"Shaded","section":"Shading Mode"},"sceneLighting":false,"audioPlay":false,"sceneViewState":{"showFog":false,"showMaterialUpdate":false,"showSkybox":false,"showFlares":false,"showImageEffects":false,"showParticleSystems":false},"in2DMode":false,"pivot":{"x":509.53729248046877,"y":18.35287094116211,"z":611.7716674804688},"rotation":{"x":-0.29950159788131716,"y":-0.11073417961597443,"z":0.035021185874938968,"w":-0.9470006227493286},"size":1.3804833889007569,"orthographic":false}